batter,runs,balls,strike_rate
A Ashish Reddy,280,196,142.85714285714286
A Badoni,1178,885,133.10734463276836
A Chandila,4,7,57.14285714285714
A Chopra,53,75,70.66666666666667
A Choudhary,25,20,125.0
A Dananjaya,4,5,80.0
A Flintoff,62,57,108.77192982456141
A Kamboj,74,55,134.54545454545453
A Kumble,35,49,71.42857142857143
A Manohar,292,243,120.16460905349795
A Mhatre,441,250,176.4
A Mishra,381,440,86.5909090909091
A Mithun,34,26,130.76923076923077
A Mukund,19,23,82.6086956521739
A Nehra,41,63,65.07936507936508
A Nortje,49,52,94.23076923076923
A Raghuvanshi,885,628,140.9235668789809
A Singh,2,10,20.0
A Symonds,974,781,124.71190781049937
A Tomar,4,8,50.0
A Uniyal,4,7,57.14285714285714
A Zampa,15,25,60.0
AA Bilakhia,69,88,78.4090909090909
AA Chavan,12,11,109.09090909090908
AA Jhunjhunwala,217,218,99.54128440366972
AA Kulkarni,26,33,78.78787878787878
AA Noffke,9,12,75.0
AB Agarkar,179,160,111.87499999999999
AB Barath,42,43,97.67441860465115
AB Dinda,26,50,52.0
AB McDonald,123,103,119.41747572815532
AB de Villiers,5181,3487,148.58044164037855
AC Blizzard,120,91,131.86813186813185
AC Gilchrist,2069,1555,133.05466237942122
AC Thomas,20,19,105.26315789473684
AC Voges,181,143,126.57342657342659
AD Hales,148,119,124.36974789915966
AD Mascarenhas,79,79,100.0
AD Mathews,724,599,120.86811352253757
AD Nath,90,99,90.9090909090909
AD Russell,2655,1626,163.28413284132841
AF Milne,25,33,75.75757575757575
AG Murtaza,10,14,71.42857142857143
AG Paunikar,49,61,80.32786885245902
AJ Finch,2092,1696,123.34905660377358
AJ Hosein,21,14,150.0
AJ Turner,24,31,77.41935483870968
AJ Tye,91,79,115.18987341772151
AK Markram,1671,1264,132.1993670886076
AL Menaria,401,367,109.26430517711172
AM Ghazanfar,2,3,66.66666666666666
AM Nayar,672,588,114.28571428571428
AM Rahane,5367,4391,122.22728307902528
AN Ahmed,36,27,133.33333333333331
AN Ghosh,7,8,87.5
AP Dole,34,23,147.82608695652172
AP Majumdar,87,77,112.98701298701299
AP Tare,339,285,118.94736842105263
AR Bawne,12,12,100.0
AR Patel,2089,1635,127.76758409785933
AS Joseph,27,32,84.375
AS Rajpoot,26,41,63.41463414634146
AS Raut,194,172,112.79069767441861
AS Roy,78,66,118.18181818181819
AS Yadav,49,40,122.50000000000001
AT Carey,32,29,110.34482758620689
AT Rayudu,4348,3490,124.58452722063038
AU Rashid,22,17,129.41176470588235
AUK Pathan,39,26,150.0
Abdul Basith,1,1,100.0
Abdul Samad,859,598,143.6454849498328
Abdur Razzak,0,2,0.0
Abhishek Sharma,2379,1471,161.72671651937458
Abishek Porel,769,548,140.32846715328466
Akash Deep,25,14,178.57142857142858
Akash Madhwal,8,14,57.14285714285714
Akshat Raghuwanshi,29,27,107.40740740740742
Aman Hakim Khan,115,109,105.50458715596329
Aniket Verma,315,205,153.65853658536585
Anirudh Singh,63,69,91.30434782608695
Ankit Sharma,87,69,126.08695652173914
Ankit Soni,7,9,77.77777777777779
Anmolpreet Singh,139,117,118.80341880341881
Anuj Rawat,318,276,115.21739130434783
Anureet Singh,36,47,76.59574468085107
Arjun Tendulkar,18,14,128.57142857142858
Arshad Khan,142,102,139.2156862745098
Arshad Khan (2),5,4,125.0
Arshdeep Singh,32,49,65.3061224489796
Ashok Sharma,1,5,20.0
Ashutosh Sharma,564,356,158.42696629213484
Ashwani Kumar,1,6,16.666666666666664
Atharva Taide,260,188,138.29787234042556
Auqib Nabi,14,4,350.0
Avesh Khan,68,46,147.82608695652172
Azhar Mahmood,388,311,124.7588424437299
Azmatullah Omarzai,151,105,143.8095238095238
B Akhil,76,57,133.33333333333331
B Chipli,280,256,109.375
B Indrajith,21,31,67.74193548387096
B Kumar,354,392,90.3061224489796
B Laughlin,5,13,38.46153846153847
B Lee,124,102,121.56862745098039
B Sai Sudharsan,2515,1760,142.89772727272728
B Stanlake,5,2,250.0
B Sumanth,35,38,92.10526315789474
BA Bhatt,6,7,85.71428571428571
BA Stokes,935,718,130.22284122562675
BAW Mendis,3,6,50.0
BB McCullum,2882,2272,126.84859154929578
BB Samantray,125,116,107.75862068965519
BB Sran,10,14,71.42857142857143
BCJ Cutting,238,146,163.013698630137
BE Hendricks,1,3,33.33333333333333
BJ Haddin,18,11,163.63636363636365
BJ Hodge,1400,1153,121.42237640936686
BJ Rohrer,193,146,132.1917808219178
BKG Mendis,20,11,181.8181818181818
BMAJ Mendis,23,27,85.18518518518519
BR Dunk,40,36,111.11111111111111
BR Sharath,2,5,40.0
Basil Thampi,32,37,86.48648648648648
Bipul Sharma,187,124,150.80645161290323
Brijesh Sharma,2,4,50.0
C Bosch,97,63,153.96825396825398
C Connolly,491,316,155.37974683544306
C Green,1029,702,146.58119658119656
C Madan,15,21,71.42857142857143
C Munro,177,144,122.91666666666667
C Nanda,0,1,0.0
C Sakariya,20,31,64.51612903225806
C de Grandhomme,303,229,132.31441048034935
CA Ingram,205,183,112.02185792349727
CA Lynn,1329,974,136.4476386036961
CA Pujara,390,403,96.7741935483871
CH Gayle,4997,3516,142.1217292377702
CH Morris,618,413,149.636803874092
CJ Anderson,538,436,123.39449541284404
CJ Ferguson,98,119,82.35294117647058
CJ Jordan,81,81,100.0
CJ McKay,8,15,53.333333333333336
CK Kapugedera,16,24,66.66666666666666
CK Langeveldt,8,9,88.88888888888889
CL White,971,774,125.45219638242895
CM Gautam,169,158,106.9620253164557
CR Brathwaite,181,120,150.83333333333334
CR Woakes,78,77,101.29870129870129
CRD Fernando,4,3,133.33333333333331
CV Varun,31,56,55.35714285714286
D Brevis,606,432,140.27777777777777
D Ferreira,326,195,167.17948717948718
D Kalyankrishna,3,8,37.5
D Padikkal,2270,1779,127.59977515458122
D Pretorius,44,28,157.14285714285714
D Salunkhe,33,24,137.5
D Wiese,148,105,140.95238095238096
D du Preez,10,13,76.92307692307693
DA Miller,3288,2441,134.69889389594428
DA Payne,6,5,120.0
DA Warner,6567,4849,135.4299855640338
DAJ Bracewell,12,9,133.33333333333331
DB Das,304,267,113.85767790262172
DB Ravi Teja,375,325,115.38461538461537
DE Bollinger,21,23,91.30434782608695
DG Nalkande,12,12,100.0
DH Yagnik,170,142,119.71830985915493
DJ Bravo,1560,1247,125.10024057738573
DJ Harris,111,103,107.76699029126213
DJ Hooda,1497,1213,123.41302555647155
DJ Hussey,1322,1101,120.07266121707538
DJ Jacobs,92,101,91.0891089108911
DJ Malan,26,26,100.0
DJ Mitchell,351,274,128.1021897810219
DJ Muthuswami,1,3,33.33333333333333
DJ Thornely,39,54,72.22222222222221
DJ Willey,53,64,82.8125
DJG Sammy,295,251,117.52988047808766
DJM Short,115,102,112.74509803921569
DL Chahar,142,105,135.23809523809524
DL Vettori,121,118,102.54237288135593
DM Bravo,6,5,120.0
DNT Zoysa,11,9,122.22222222222223
DP Conway,1080,794,136.02015113350126
DP Nannes,4,13,30.76923076923077
DP Vijaykumar,1,1,100.0
DPMD Jayawardene,1808,1522,118.7910643889619
DR Martyn,19,26,73.07692307692307
DR Sams,44,48,91.66666666666666
DR Shorey,13,20,65.0
DR Smith,2385,1803,132.27953410981698
DS Kulkarni,104,113,92.03539823008849
DS Lehmann,18,19,94.73684210526315
DS Rathi,3,9,33.33333333333333
DT Christian,460,408,112.74509803921569
DT Patil,13,13,100.0
DV Malewar,2,5,40.0
DW Steyn,167,163,102.45398773006136
Dhruv Jurel,1195,801,149.1885143570537
E Lewis,654,499,131.06212424849699
E Malinga,7,18,38.88888888888889
EJG Morgan,1406,1181,119.05165114309906
ER Dwivedi,24,15,160.0
F Behardien,14,13,107.6923076923077
F du Plessis,4773,3605,132.39944521497918
FA Allen,14,19,73.68421052631578
FH Allen,349,168,207.73809523809524
FH Edwards,4,5,80.0
FY Fazal,183,179,102.23463687150837
Fazalhaq Farooqi,5,15,33.33333333333333
G Coetzee,31,33,93.93939393939394
G Gambhir,4217,3524,119.66515323496027
GB Hogg,22,22,100.0
GC Smith,739,691,106.9464544138929
GC Viljoen,3,7,42.857142857142854
GD McGrath,4,5,80.0
GD Phillips,132,112,117.85714285714286
GF Linde,31,21,147.61904761904762
GH Vihari,284,331,85.80060422960725
GHS Garton,2,4,50.0
GJ Bailey,663,552,120.1086956521739
GJ Maxwell,2820,1896,148.73417721518987
GR Napier,15,16,93.75
Gulbadin Naib,19,15,126.66666666666666
Gurkeerat Singh,511,436,117.20183486238531
H Das,2,5,40.0
H Klaasen,2104,1320,159.3939393939394
HC Brook,190,159,119.49685534591194
HE van der Dussen,22,25,88.0
HF Gurney,1,5,20.0
HH Gibbs,886,837,105.8542413381123
HH Pandya,2964,2116,140.0756143667297
HM Amla,577,418,138.03827751196172
HR Shokeen,66,67,98.50746268656717
HV Patel,280,250,112.00000000000001
Harbhajan Singh,833,636,130.9748427672956
Harmeet Singh,18,12,150.0
Harpreet Brar,249,217,114.74654377880185
Harpreet Singh,123,119,103.36134453781514
Harsh Dubey,13,11,118.18181818181819
Harshit Rana,59,57,103.50877192982458
Himmat Singh,92,74,124.32432432432432
I Malhotra,7,4,175.0
I Sharma,57,71,80.28169014084507
I Udana,15,11,136.36363636363635
IC Pandey,0,2,0.0
IK Pathan,1150,985,116.75126903553299
IR Jaggi,76,100,76.0
IS Sodhi,7,18,38.88888888888889
Imran Tahir,33,37,89.1891891891892
Iqbal Abdulla,88,86,102.32558139534885
Ishan Kishan,3600,2579,139.58898797983716
J Arunkumar,23,24,95.83333333333334
J Botha,409,364,112.36263736263736
J Fraser-McGurk,385,203,189.6551724137931
J Overton,151,98,154.08163265306123
J Suchith,70,62,112.90322580645163
J Syed Mohammad,29,27,107.40740740740742
J Theron,10,13,76.92307692307693
J Yadav,40,38,105.26315789473684
JA Morkel,975,712,136.93820224719101
JA Richardson,17,27,62.96296296296296
JC Archer,326,232,140.51724137931035
JC Buttler,4647,3208,144.856608478803
JD Ryder,604,466,129.6137339055794
JD Unadkat,201,173,116.18497109826589
JDP Oram,106,110,96.36363636363636
JDS Neesham,92,93,98.9247311827957
JE Root,10,15,66.66666666666666
JE Taylor,3,4,75.0
JEC Franklin,327,309,105.8252427184466
JG Bethell,163,120,135.83333333333334
JH Kallis,2427,2291,105.93627237014405
JJ Bumrah,75,89,84.26966292134831
JJ Roy,614,460,133.47826086956522
JJ van der Wath,18,17,105.88235294117648
JL Denly,0,1,0.0
JL Pattinson,15,13,115.38461538461537
JM Bairstow,1674,1181,141.7442845046571
JM Kemp,26,25,104.0
JM Sharma,1107,752,147.20744680851064
JO Holder,324,272,119.11764705882352
JP Behrendorff,6,9,66.66666666666666
JP Duminy,2029,1680,120.77380952380952
JP Faulkner,527,406,129.80295566502463
JP Inglis,544,328,165.85365853658536
JPR Scantlebury-Searles,8,6,133.33333333333331
JR Hazlewood,19,31,61.29032258064516
JR Hopes,417,314,132.80254777070064
JR Philippe,78,80,97.5
Jaskaran Singh,8,11,72.72727272727273
Joginder Sharma,36,30,120.0
K Goel,218,239,91.21338912133892
K Gowtham,247,159,155.34591194968556
K Kartikeya,12,18,66.66666666666666
K Rabada,262,256,102.34375
K Upadhyay,12,9,133.33333333333331
K Yadav,0,4,0.0
KA Jamieson,77,74,104.05405405405406
KA Maharaj,1,2,50.0
KA Pollard,3437,2447,140.45770331017573
KAJ Roach,10,9,111.11111111111111
KB Arun Karthik,51,53,96.22641509433963
KC Cariappa,24,21,114.28571428571428
KC Sangakkara,1687,1424,118.4691011235955
KD Karthik,4843,3687,131.35340385136968
KH Pandya,1982,1539,128.78492527615336
KJ Abbott,13,8,162.5
KK Ahmed,2,9,22.22222222222222
KK Cooper,116,70,165.71428571428572
KK Nair,1712,1332,128.5285285285285
KL Nagarkoti,22,34,64.70588235294117
KL Rahul,5828,4302,135.47187354718736
KM Asif,0,2,0.0
KM Jadhav,1208,1012,119.36758893280633
KMA Paul,18,26,69.23076923076923
KMDN Kulasekara,5,3,166.66666666666669
KP Appanna,2,4,50.0
KP Pietersen,1001,758,132.05804749340368
KR Mayers,379,276,137.31884057971016
KR Sen,0,3,0.0
KS Bharat,199,168,118.45238095238095
KS Rathore,0,5,0.0
KS Sharma,16,25,64.0
KS Williamson,2132,1734,122.95271049596307
KT Maphaka,8,3,266.66666666666663
KV Sharma,352,307,114.65798045602607
KW Richardson,36,39,92.3076923076923
Kamran Akmal,128,78,164.1025641025641
Kamran Khan,3,5,60.0
Karanveer Singh,12,17,70.58823529411765
Kartik Sharma,295,220,134.0909090909091
Kartik Tyagi,24,26,92.3076923076923
Krish Bhagat,10,21,47.61904761904761
Kuldeep Yadav,210,263,79.84790874524715
Kumar Kushagra,21,21,100.0
L Ablish,0,2,0.0
L Balaji,36,50,72.0
L Ngidi,4,9,44.44444444444444
L Ronchi,34,37,91.8918918918919
L Wood,9,3,300.0
LA Carseldine,81,71,114.08450704225352
LA Pomersbach,302,251,120.3187250996016
LB Williams,1,2,50.0
LE Plunkett,1,3,33.33333333333333
LG Pretorius,7,8,87.5
LH Ferguson,72,49,146.9387755102041
LJ Wright,106,63,168.25396825396825
LMP Simmons,1079,878,122.89293849658314
LPC Silva,40,27,148.14814814814815
LR Shukla,405,358,113.12849162011173
LRPL Taylor,1017,847,120.07083825265643
LS Livingstone,1066,725,147.0344827586207
Lalit Yadav,305,301,101.32890365448506
Liton Das,4,4,100.0
M Ashwin,35,50,70.0
M Jansen,192,186,103.2258064516129
M Kaif,259,258,100.3875968992248
M Kartik,113,109,103.6697247706422
M Klinger,73,78,93.58974358974359
M Manhas,514,486,105.76131687242798
M Markande,48,44,109.09090909090908
M Morkel,126,93,135.48387096774192
M Muralitharan,20,30,66.66666666666666
M Ntini,11,19,57.89473684210527
M Prasidh Krishna,15,31,48.38709677419355
M Rawat,55,70,78.57142857142857
M Shahrukh Khan,775,551,140.65335753176043
M Theekshana,17,34,50.0
M Tiwari,21,12,175.0
M Vijay,2619,2208,118.61413043478262
M Vohra,1083,863,125.49246813441484
M de Lange,1,2,50.0
MA Agarwal,2764,2146,128.7977632805219
MA Khote,24,22,109.09090909090908
MA Starc,111,122,90.98360655737704
MA Wood,12,10,120.0
MC Henriques,1000,801,124.84394506866417
MC Juneja,125,134,93.28358208955224
MD Choudhary,170,122,139.34426229508196
MD Mishra,237,213,111.26760563380283
MD Shanaka,89,74,120.27027027027026
MDKJ Perera,14,13,107.6923076923077
MEK Hussey,1977,1648,119.96359223300972
MF Maharoof,177,124,142.74193548387098
MG Bracewell,58,49,118.36734693877551
MG Johnson,167,168,99.40476190476191
MJ Clarke,98,96,102.08333333333333
MJ Guptill,271,197,137.56345177664974
MJ Henry,7,10,70.0
MJ Lumb,278,198,140.4040404040404
MJ McClenaghan,85,73,116.43835616438356
MJ Owen,0,2,0.0
MJ Santner,136,132,103.03030303030303
MJ Suthar,1,2,50.0
MK Lomror,527,389,135.47557840616966
MK Pandey,4021,3406,118.05637110980622
MK Tiwary,1695,1489,113.83478844862324
ML Hayden,1107,839,131.94278903456495
MM Ali,1167,865,134.91329479768785
MM Patel,39,41,95.1219512195122
MM Sharma,125,140,89.28571428571429
MN Samuels,161,174,92.52873563218391
MN van Wyk,167,135,123.7037037037037
MP Breetzke,14,12,116.66666666666667
MP Stoinis,2242,1588,141.18387909319898
MP Yadav,5,6,83.33333333333334
MR Marsh,1855,1291,143.68706429124708
MS Bhandage,1,4,25.0
MS Bisla,798,737,108.27679782903662
MS Dhoni,5439,4101,132.626188734455
MS Gony,99,76,130.26315789473685
MS Wade,183,185,98.91891891891892
MV Boucher,394,318,123.89937106918238
MW Short,177,153,115.68627450980394
Mandeep Singh,1706,1418,120.31029619181946
Mashrafe Mortaza,2,2,100.0
Mayank Dagar,0,1,0.0
Misbah-ul-Haq,117,82,142.6829268292683
Mohammad Ashraful,2,12,16.666666666666664
Mohammad Asif,3,6,50.0
Mohammad Hafeez,64,84,76.19047619047619
Mohammad Nabi,221,157,140.76433121019107
Mohammed Shami,115,116,99.13793103448276
Mohammed Siraj,117,144,81.25
Mohit Rathee,1,2,50.0
Mohsin Khan,25,31,80.64516129032258
Mujeeb Ur Rahman,12,15,80.0
Mukesh Choudhary,8,8,100.0
Mukesh Kumar,10,20,50.0
Musheer Khan,0,3,0.0
Mustafizur Rahman,13,24,54.166666666666664
N Burger,14,9,155.55555555555557
N Jagadeesan,162,155,104.51612903225806
N Pooran,2527,1629,155.1258440761203
N Rana,3078,2314,133.01642178046674
N Saini,140,143,97.9020979020979
N Sindhu,63,51,123.52941176470588
N Wadhera,784,583,134.47684391080617
ND Doshi,0,13,0.0
NJ Maddinson,20,21,95.23809523809523
NJ Rimmington,1,1,100.0
NK Patel,121,124,97.58064516129032
NL McCullum,26,23,113.04347826086956
NLTC Perera,424,326,130.06134969325154
NM Coulter-Nile,82,75,109.33333333333333
NS Naik,31,53,58.490566037735846
NT Ellis,19,26,73.07692307692307
NV Ojha,1554,1360,114.26470588235293
Naman Dhir,710,444,159.9099099099099
Navdeep Saini,33,38,86.8421052631579
Naveen-ul-Haq,18,26,69.23076923076923
Nithish Kumar Reddy,787,566,139.04593639575972
Noor Ahmad,31,59,52.54237288135594
OA Shah,506,405,124.93827160493827
OC McCoy,8,5,160.0
OF Smith,51,50,102.0
P Awana,5,14,35.714285714285715
P Chopra,8,6,133.33333333333331
P Dogra,127,141,90.0709219858156
P Dubey,23,33,69.6969696969697
P Kumar,340,323,105.26315789473684
P Negi,365,301,121.26245847176081
P Nissanka,278,180,154.44444444444446
P Parameswaran,1,3,33.33333333333333
P Ray Barman,19,25,76.0
P Sahu,19,13,146.15384615384613
P Simran Singh,1865,1220,152.8688524590164
PA Patel,2848,2442,116.62571662571663
PA Reddy,164,167,98.20359281437125
PBB Rajapaksa,277,201,137.81094527363186
PC Valthaty,505,432,116.89814814814814
PD Collingwood,203,159,127.67295597484276
PD Salt,1258,746,168.63270777479892
PHKD Mendis,92,72,127.77777777777777
PJ Cummins,642,437,146.9107551487414
PJ Sangwan,26,47,55.319148936170215
PK Garg,273,247,110.5263157894737
PM Sarvesh Kumar,1,2,50.0
PN Mankad,97,75,129.33333333333331
PP Chawla,624,580,107.58620689655172
PP Hinge,3,9,33.33333333333333
PP Ojha,16,45,35.55555555555556
PP Shaw,1892,1321,143.22482967448903
PR Shah,92,97,94.84536082474226
PR Veer,90,72,125.0
PSP Handscomb,6,12,50.0
PV Tambe,18,39,46.15384615384615
PVD Chameera,53,49,108.16326530612245
PVSN Raju,1,1,100.0
PWA Mulder,9,12,75.0
PWH de Silva,81,95,85.26315789473684
Pankaj Singh,7,12,58.333333333333336
Parvez Rasool,17,20,85.0
Prince Yadav,5,12,41.66666666666667
Priyansh Arya,909,491,185.13238289205702
Q de Kock,3444,2618,131.55080213903742
R Ashwin,833,728,114.42307692307692
R Bhatia,342,290,117.9310344827586
R Bishnoi,19,17,111.76470588235294
R Dhawan,210,188,111.70212765957446
R Dravid,2174,1918,113.34723670490095
R McLaren,159,178,89.32584269662921
R Minz,12,20,60.0
R Ninan,3,6,50.0
R Parag,1879,1359,138.2634289919058
R Powell,555,409,135.69682151589242
R Rampaul,51,52,98.07692307692307
R Ravindra,413,298,138.59060402684565
R Sai Kishore,18,16,112.5
R Sanjay Yadav,0,2,0.0
R Sathish,270,236,114.40677966101696
R Sharma,66,77,85.71428571428571
R Shepherd,268,161,166.45962732919256
R Shukla,19,23,82.6086956521739
R Smaran,19,25,76.0
R Tewatia,1302,994,130.98591549295776
R Vinay Kumar,310,289,107.26643598615917
RA Bawa,35,32,109.375
RA Jadeja,3526,2816,125.21306818181819
RA Tripathi,2291,1707,134.21206795547744
RD Chahar,129,127,101.5748031496063
RD Gaikwad,2839,2154,131.80129990714948
RD Rickelton,836,513,162.96296296296296
RE Levi,83,74,112.16216216216218
RE van der Merwe,159,144,110.41666666666667
RG More,2,2,100.0
RG Sharma,7331,5659,129.54585615833184
RJ Gleeson,2,2,100.0
RJ Harris,117,112,104.46428571428572
RJ Peterson,32,32,100.0
RJ Quiney,103,105,98.09523809523809
RJW Topley,3,6,50.0
RK Bhui,10,27,37.03703703703704
RK Singh,1398,1005,139.1044776119403
RM Patidar,1612,1035,155.7487922705314
RN ten Doeschate,326,238,136.9747899159664
RP Meredith,0,3,0.0
RP Singh,52,78,66.66666666666666
RR Bhatkal,0,2,0.0
RR Pant,3879,2739,141.6210295728368
RR Powar,67,64,104.6875
RR Raje,20,18,111.11111111111111
RR Rossouw,473,321,147.35202492211837
RR Sarwan,73,78,93.58974358974359
RS Bopara,531,468,113.46153846153845
RS Gavaskar,2,8,25.0
RS Sodhi,4,2,200.0
RT Ponting,91,129,70.54263565891473
RV Gomez,50,53,94.33962264150944
RV Patel,80,76,105.26315789473684
RV Uthappa,4954,3927,126.15227909345556
Rahmanullah Gurbaz,363,283,128.26855123674912
Ramandeep Singh,299,212,141.03773584905662
Rashid Khan,635,432,146.99074074074073
Rasikh Salam,43,43,100.0
Ravi Bishnoi,45,71,63.38028169014085
Ravi Singh,4,2,200.0
S Anirudha,136,121,112.39669421487604
S Aravind,59,59,100.0
S Arora,121,81,149.3827160493827
S Badree,13,25,52.0
S Badrinath,1441,1245,115.74297188755021
S Chanderpaul,25,33,75.75757575757575
S Dhawan,6769,5483,123.45431333211745
S Dube,2129,1555,136.91318327974275
S Gopal,180,173,104.04624277456647
S Kaul,20,36,55.55555555555556
S Kaushik,0,1,0.0
S Ladda,0,10,0.0
S Lamichhane,0,1,0.0
S Nadeem,39,88,44.31818181818182
S Narwal,37,29,127.58620689655173
S Rana,91,82,110.97560975609757
S Randiv,2,4,50.0
S Sohal,368,311,118.32797427652733
S Sreesanth,34,57,59.64912280701754
S Sriram,31,38,81.57894736842105
S Tyagi,3,4,75.0
S Vidyut,145,115,126.08695652173914
SA Abbott,22,18,122.22222222222223
SA Asnodkar,423,352,120.17045454545455
SA Yadav,4581,3154,145.24413443246672
SB Bangar,49,58,84.48275862068965
SB Dubey,220,148,148.64864864864865
SB Jakati,28,30,93.33333333333333
SB Joshi,6,16,37.5
SB Styris,131,134,97.76119402985076
SB Wagh,2,3,66.66666666666666
SC Ganguly,1349,1326,101.73453996983409
SD Chitnis,99,92,107.6086956521739
SD Hope,183,125,146.4
SD Lad,15,13,115.38461538461537
SE Bond,1,2,50.0
SE Marsh,2489,1913,130.10977522216413
SE Rutherford,520,393,132.31552162849874
SH Johnson,8,12,66.66666666666666
SJ Srivastava,5,5,100.0
SK Raina,5536,4177,132.53531242518554
SK Rasheed,71,67,105.97014925373134
SK Trivedi,42,61,68.85245901639344
SK Warne,198,219,90.41095890410958
SL Malinga,88,103,85.43689320388349
SM Curran,997,761,131.011826544021
SM Harwood,9,14,64.28571428571429
SM Katich,241,191,126.17801047120419
SM Pollock,147,116,126.72413793103448
SMSM Senanayake,10,17,58.82352941176471
SN Khan,746,556,134.17266187050362
SN Thakur,349,276,126.44927536231884
SO Hetmyer,1566,1110,141.0810810810811
SP Fleming,196,171,114.61988304093566
SP Goswami,293,307,95.43973941368078
SP Jackson,61,57,107.01754385964912
SP Narine,1820,1178,154.49915110356537
SPD Smith,2495,1999,124.81240620310155
SR Dubey,4,2,200.0
SR Tendulkar,2334,2044,114.18786692759295
SR Watson,3880,2892,134.1632088520055
SS Cottrell,0,2,0.0
SS Iyer,4233,3211,131.8280909374027
SS Mishra,1,3,33.33333333333333
SS Prabhudessai,126,113,111.50442477876106
SS Shaikh,6,7,85.71428571428571
SS Tiwary,1494,1291,115.72424477149497
ST Jayasuriya,768,573,134.03141361256544
STR Binny,880,700,125.71428571428571
SU Parakh,46,33,139.3939393939394
SV Samson,5181,3770,137.42705570291778
SW Billings,503,399,126.06516290726817
SW Tait,23,26,88.46153846153845
SZ Mulani,1,1,100.0
Sachin Baby,144,123,117.07317073170731
Sakib Hussain,5,7,71.42857142857143
Salil Arora,35,25,140.0
Salman Butt,193,172,112.20930232558139
Sameer Rizvi,424,304,139.4736842105263
Sandeep Sharma,60,79,75.9493670886076
Sanvir Singh,25,22,113.63636363636364
Saurav Chauhan,18,16,112.5
Sediqullah Atal,22,16,137.5
Shahbaz Ahmed,603,516,116.86046511627907
Shahid Afridi,81,46,176.08695652173913
Shakib Al Hasan,795,665,119.54887218045114
Shashank Singh,905,588,153.91156462585033
Shivam Mavi,51,58,87.93103448275862
Shivam Sharma,5,3,166.66666666666669
Shivam Singh,2,3,66.66666666666666
Shivang Kumar,53,50,106.0
Shoaib Ahmed,1,6,16.666666666666664
Shoaib Akhtar,2,8,25.0
Shoaib Malik,52,49,106.12244897959184
Shubman Gill,4598,3339,137.70589997005092
Sikandar Raza,182,143,127.27272727272727
Simarjeet Singh,10,15,66.66666666666666
Sohail Tanvir,36,31,116.12903225806453
Sumit Kumar,18,26,69.23076923076923
Sunny Gupta,0,1,0.0
Sunny Singh,43,31,138.70967741935485
Suryansh Shedge,165,104,158.65384615384613
Swapnil Singh,51,46,110.86956521739131
T Banton,18,22,81.81818181818183
T Dahiya,12,15,80.0
T Henderson,11,16,68.75
T Kohler-Cadmore,48,54,88.88888888888889
T Kohli,11,20,55.00000000000001
T Natarajan,4,7,57.14285714285714
T Shamsi,2,4,50.0
T Stubbs,986,667,147.82608695652172
T Taibu,31,26,119.23076923076923
T Thushara,12,19,63.1578947368421
TA Boult,93,90,103.33333333333334
TD Paine,10,29,34.48275862068966
TG Southee,120,108,111.11111111111111
TH David,1151,697,165.13629842180774
TK Curran,127,108,117.59259259259258
TL Seifert,45,44,102.27272727272727
TL Suman,676,587,115.1618398637138
TM Dilshan,1153,1047,110.12416427889207
TM Head,1556,959,162.25234619395204
TM Srivastava,8,11,72.72727272727273
TR Birt,75,59,127.11864406779661
TS Mills,8,14,57.14285714285714
TU Deshpande,54,38,142.10526315789474
Tanush Kotian,24,32,75.0
Tilak Varma,1858,1344,138.24404761904762
U Kaul,0,1,0.0
UA Birla,7,15,46.666666666666664
UBT Chand,300,314,95.54140127388536
UT Khawaja,127,105,120.95238095238095
UT Yadav,208,211,98.5781990521327
Umar Gul,39,19,205.26315789473685
Umran Malik,23,16,143.75
Urvil Patel,197,102,193.13725490196077
V Kohli,9346,7127,131.13511996632525
V Nigam,157,92,170.65217391304347
V Pratap Singh,0,1,0.0
V Sehwag,2728,1833,148.82705946535734
V Shankar,1233,985,125.17766497461929
V Suryavanshi,1028,473,217.33615221987316
V Viyaskanth,7,5,140.0
VG Arora,10,28,35.714285714285715
VH Zol,29,26,111.53846153846155
VR Aaron,50,73,68.4931506849315
VR Iyer,1677,1223,137.12183156173344
VRV Singh,4,3,133.33333333333331
VS Malik,7,7,100.0
VS Yeligati,2,2,100.0
VVS Laxman,282,271,104.0590405904059
VY Mahesh,15,28,53.57142857142857
Vijaykumar Vyshak,16,17,94.11764705882352
Virat Singh,15,26,57.692307692307686
Vishnu Vinod,71,66,107.57575757575756
Vivrant Sharma,69,49,140.81632653061226
W Jaffer,130,129,100.7751937984496
WA Mota,56,76,73.68421052631578
WD Parnell,65,86,75.5813953488372
WG Jacks,602,385,156.36363636363637
WP Saha,2934,2368,123.90202702702702
WPUJC Vaas,81,73,110.95890410958904
Washington Sundar,888,689,128.8824383164006
X Thalaivan Sargunam,10,17,58.82352941176471
XC Bartlett,40,29,137.93103448275863
Y Gnaneswara Rao,19,18,105.55555555555556
Y Nagar,285,271,105.1660516605166
Y Prithvi Raj,0,1,0.0
Y Venugopal Rao,985,865,113.87283236994219
YA Abdulla,0,1,0.0
YBK Jaiswal,2593,1750,148.17142857142858
YK Pathan,3222,2334,138.04627249357327
YS Chahal,37,89,41.57303370786517
YV Dhull,16,23,69.56521739130434
YV Takawale,192,183,104.91803278688525
Yash Dayal,4,9,44.44444444444444
Yashpal Singh,47,67,70.1492537313433
Younis Khan,3,7,42.857142857142854
Yudhvir Singh,22,16,137.5
Yuvraj Singh,2754,2207,124.78477571363842
Z Khan,117,141,82.97872340425532
